Year,Site code,Site name,Nation,Number of cases,"Surgery on day of, or day after, admission (n)","Surgery on day of, or day after, admission (d)","Surgery on day of, or day after, admission (%)",Surgery supervised by consultant surgeon and anaesthetist (n),Surgery supervised by consultant surgeon and anaesthetist (d),Surgery supervised by consultant surgeon and anaesthetist (%),General anaesthetic (n),General anaesthetic (d),General anaesthetic (%),General anaesthetic and nerve block (of all GA)(n),General anaesthetic and nerve block (of all GA) (d),General anaesthetic and nerve block (of all GA) (%),Spinal anaesthetic (n),Spinal anaesthetic (d),Spinal anaesthetic (%),Spinal anaesthetic and nerve block (of all SA) (n),Spinal anaesthetic and nerve block (of all SA) (d),Spinal anaesthetic and nerve block (of all SA) (%),Proportion of arthroplasties which are cemented (n),Proportion of arthroplasties which are cemented (d),Proportion of arthroplasties which are cemented (%),Eligible displaced intracapsular fractures treated with THR (n),Eligible displaced intracapsular fractures treated with THR (d),Eligible displaced intracapsular fractures treated with THR (%),Intertrochanteric fractures (excl. reverse oblique) treated with SHS (n),Intertrochanteric fractures (excl. reverse oblique) treated with SHS (d),Intertrochanteric fractures (excl. reverse oblique) treated with SHS (%),Subtrochanteric fractures treated with an IM nail (n),Subtrochanteric fractures treated with an IM nail (d),Subtrochanteric fractures treated with an IM nail (%),NICE compliant surgery (n),NICE compliant surgery (d),NICE compliant surgery (%),Admitted to orthopaedic ward within 4 hours (n),Admitted to orthopaedic ward within 4 hours (d),Admitted to orthopaedic ward within 4 hours (%),Mental test score recorded on admission (n),Mental test score recorded on admission (d),Mental test score recorded on admission (%),Perioperative medical assessment (n),Perioperative medical assessment (d),Perioperative medical assessment (%),Physiotherapy assessment by the day after surgery (n),Physiotherapy assessment by the day after surgery (d),Physiotherapy assessment by the day after surgery (%),Mobilised out of bed by the day after surgery (n),Mobilised out of bed by the day after surgery (d),Mobilised out of bed by the day after surgery (%),Nutritional risk assessment (n),Nutritional risk assessment (d),Nutritional risk assessment (%),Delirium assessment (n),Delirium assessment (d),Delirium assessment (%),Not delirious when tested post-op. (n),Not delirious when tested post-op. (d),Not delirious when tested post-op. (%),Received falls assessment (n),Received falls assessment (d),Received falls assessment (%),Received bone health assessment (n),Received bone health assessment (d),Received bone health assessment (%),Met best practice criteria (n),Met best practice criteria (d),Met best practice criteria (%),Case ascertainment: total cases compared to last year (n),Case ascertainment: total cases compared to last year (d),Case ascertainment: total cases compared to last year (%),Acute length of stay (days),Overall hospital length of stay (days),Documented final discharge destination (n),Documented final discharge destination (d),Documented final discharge destination (%),Discharge to original residence within 120 days (n),Discharge to original residence within 120 days (d),Discharge to original residence within 120 days (%),Hip fractures which were sustained as an inpatient (n),Hip fractures which were sustained as an inpatient (d),Hip fractures which were sustained as an inpatient (%),Documented not to have developed a pressure ulcer (n),Documented not to have developed a pressure ulcer (d),Documented not to have developed a pressure ulcer (%),Documented not to have had a reoperation within 120 days (n),Documented not to have had a reoperation within 120 days (d),Documented not to have had a reoperation within 120 days (%),120 day follow up (n),120 day follow up (d),120 day follow up (%),Crude 30 day mortality rate (n),Crude 30 day mortality rate (d),Crude 30 day mortality rate (%),Adjusted 30 day mortality rate (%)
2023,ADD,Addenbrooke's Hospital,England,506,228,484,47,397,484,82,392,484,81,354,392,90,92,484,19,61,92,66,266,266,100,21,143,15,128,167,77,14,23,61,309,482,64,79,498,16,504,506,100,495,506,98,466,484,96,452,484,93,506,506,100,477,484,99,429,484,89,506,506,100,502,506,99,215,484,44,506,517,98,15,15,486,506,96,399,506,79,*,510,*,506,506,100,0,506,0,358,470,76,38,506,8,8
2023,AEI,Royal Albert Edward Infirmary,England,368,226,357,63,297,357,83,121,357,34,21,121,17,243,357,68,58,243,24,193,195,99,11,79,14,80,112,71,16,18,89,252,355,71,*,360,*,364,368,99,355,368,97,355,357,99,287,357,80,363,368,99,355,357,99,257,357,72,364,368,99,363,368,99,213,357,60,368,383,96,17,22,355,368,97,264,368,72,11,368,3,359,368,98,197,368,54,272,331,82,27,368,7,6
2023,AIR,Airedale General Hospital,England,284,233,280,83,163,280,58,131,280,47,116,131,89,159,280,57,121,159,76,152,152,100,9,56,16,75,82,92,15,15,100,223,275,81,11,270,4,281,284,99,172,284,61,277,280,99,203,280,73,284,284,100,278,280,99,260,280,93,217,284,76,274,284,97,139,280,50,284,308,92,16,18,265,284,93,229,284,81,14,284,5,283,284,100,38,284,13,203,272,75,16,284,6,5
2023,BAR,Barnsley District General Hospital,England,354,254,346,73,189,346,55,247,346,71,114,247,46,109,346,32,53,109,49,169,191,89,16,46,35,87,118,74,11,13,85,259,345,75,151,340,44,339,354,96,334,354,94,332,346,96,227,346,66,333,354,94,342,346,99,257,346,74,345,354,98,345,354,98,219,346,63,354,312,114,12,17,340,354,96,286,354,81,11,354,3,301,354,85,287,354,81,172,324,53,32,354,9,9
2023,BAS,Basildon Hospital,England,397,185,395,47,288,395,73,130,395,33,67,130,52,276,395,70,144,276,52,136,177,77,37,77,48,70,92,76,20,21,95,279,389,72,27,376,7,386,397,97,375,397,95,387,395,98,358,395,91,397,397,100,392,395,99,287,395,73,389,397,98,390,397,98,167,395,42,397,395,101,18,18,381,397,96,315,397,79,21,397,5,382,397,96,276,397,70,170,372,46,31,397,8,5
2023,BAT,Royal United Hospital Bath,England,578,295,560,53,199,560,36,207,560,37,141,207,68,363,560,65,252,363,69,319,321,99,24,132,18,142,184,77,13,14,93,393,551,71,173,561,31,560,578,97,566,578,98,551,560,98,488,560,87,558,578,97,547,560,98,393,560,70,573,578,99,561,578,97,262,560,47,578,574,101,16,16,542,578,94,426,578,74,17,578,3,561,578,97,403,578,70,370,547,68,30,578,5,4
2023,BED,Bedford Hospital,England,311,128,304,42,75,304,25,223,304,73,163,223,73,82,304,27,*,80,*,147,154,96,17,68,25,59,101,58,19,20,95,196,299,66,*,300,*,289,311,93,258,311,83,294,304,97,185,304,61,301,311,97,262,304,86,205,304,67,305,311,98,301,311,97,93,304,31,311,329,95,22,25,310,311,100,244,311,79,*,310,*,293,311,94,0,311,0,54,284,19,24,311,8,9
2023,BFH,Broomfield Chelmsford,England,540,295,537,55,210,537,39,455,537,85,109,455,24,103,537,19,11,103,11,256,266,96,35,129,27,108,191,57,16,16,100,299,491,61,22,515,4,431,540,80,518,540,96,531,537,99,527,537,98,502,540,93,398,537,74,283,537,53,536,540,99,526,540,97,196,537,37,540,509,106,14,15,508,540,94,432,540,80,8,540,2,401,540,74,6,540,1,0,513,0,30,540,6,4
2023,BLA,Royal Blackburn Hospital,England,532,159,516,31,459,516,89,76,516,15,31,76,41,468,516,91,188,468,40,256,271,95,49,98,50,145,165,88,38,45,84,412,511,81,10,506,2,500,532,94,468,532,88,515,516,100,477,516,92,532,532,100,514,516,100,317,516,61,528,532,99,529,532,99,151,516,29,532,496,107,13,23,523,532,98,462,532,87,15,532,3,527,532,99,0,532,0,338,506,67,33,532,6,4
2023,BNT,Barnet General Hospital,England,339,228,339,67,243,339,72,219,339,65,16,219,7,130,339,38,0,130,0,154,154,100,27,78,35,67,84,80,27,27,100,268,337,80,7,330,2,334,339,99,299,339,88,335,339,99,268,339,79,329,339,97,326,339,96,229,339,68,339,339,100,336,339,99,186,339,55,339,352,96,18,23,294,339,87,232,339,68,*,340,*,339,339,100,*,340,*,102,319,32,19,339,6,6
2023,BOL,Royal Bolton Hospital,England,442,251,437,57,257,437,59,185,437,42,105,185,57,270,437,62,50,270,19,230,233,99,11,56,20,91,101,90,76,80,95,352,417,84,41,435,9,311,442,70,334,442,76,431,437,99,364,437,83,412,442,93,350,437,80,241,437,55,415,442,94,411,442,93,123,437,28,442,420,105,17,23,423,442,96,355,442,80,*,440,*,434,442,98,310,442,70,164,396,41,34,442,8,5
2023,BRD,Bradford Royal Infirmary,England,317,236,307,77,289,307,94,209,307,68,181,209,87,98,307,32,79,98,81,156,156,100,7,46,15,78,105,74,7,7,100,227,298,76,15,307,5,291,317,92,225,317,71,295,307,96,222,307,72,314,317,99,252,307,82,180,307,59,305,317,96,283,317,89,136,307,44,317,300,106,15,26,312,317,98,256,317,81,8,317,3,291,317,92,197,317,62,193,286,68,25,317,8,6
2023,BRG,Bronglais General Hospital,Wales,119,43,107,40,35,107,33,65,107,61,58,65,89,42,107,39,38,42,91,68,68,100,16,30,53,33,37,89,*,*,*,90,107,84,8,111,7,119,119,100,119,119,100,106,107,99,78,107,73,119,119,100,107,107,100,102,107,95,119,119,100,119,119,100,43,107,40,119,152,78,22,22,115,119,97,101,119,85,7,119,6,119,119,100,89,119,75,89,117,76,*,120,*,3
2023,BRI,Bristol Royal Infirmary,England,300,105,293,36,242,293,83,280,293,96,280,280,100,14,293,5,14,14,100,135,135,100,16,58,28,9,89,10,14,17,82,171,293,58,14,287,5,300,300,100,289,300,96,292,293,100,268,293,92,300,300,100,290,293,99,240,293,82,295,300,98,295,300,98,102,293,35,300,293,102,17,18,280,300,93,230,300,77,10,300,3,295,300,98,288,300,96,197,279,71,18,300,6,5
2023,BRO,Princess Royal University Hospital (Bromley),England,371,223,366,61,290,366,79,92,366,25,41,92,45,280,366,77,26,280,9,176,182,97,24,94,26,42,77,55,16,17,94,254,364,70,*,360,*,359,371,97,333,371,90,345,366,94,233,366,64,365,371,98,338,366,92,188,366,51,367,371,99,366,371,99,178,366,49,371,353,105,18,18,282,371,76,223,371,60,8,371,2,358,371,97,0,371,0,0,347,0,18,371,5,4
2023,BRT,Queens Hospital,England,354,184,353,52,127,353,36,88,353,25,57,88,65,271,353,77,217,271,80,167,171,98,11,76,15,86,111,78,14,17,82,242,350,69,19,345,6,346,354,98,282,354,80,352,353,100,312,353,88,354,354,100,333,353,94,258,353,73,350,354,99,345,354,98,138,353,39,354,329,108,12,18,347,354,98,296,354,84,9,354,3,347,354,98,163,354,46,50,329,15,18,354,5,4
2023,CGH,Conquest Hospital,England,663,518,655,79,459,655,70,86,655,13,38,86,44,562,655,86,103,562,18,351,359,98,14,170,8,120,191,63,27,28,96,408,646,63,62,631,10,627,663,95,631,663,95,598,655,91,496,655,76,620,663,94,649,655,99,523,655,80,655,663,99,653,663,99,410,655,63,663,659,101,17,21,600,663,91,476,663,72,21,663,3,581,663,88,308,663,47,273,617,44,46,663,7,7
2023,CHE,Chesterfield Royal,England,480,297,473,63,76,473,16,257,473,54,185,257,72,230,473,49,100,230,44,224,229,98,35,122,29,141,161,88,18,21,86,358,473,76,163,470,35,470,480,98,438,480,91,469,473,99,412,473,87,455,480,95,461,473,98,357,473,76,471,480,98,464,480,97,253,473,54,480,493,97,14,14,465,480,97,401,480,84,7,480,2,474,480,99,265,480,55,253,451,56,34,480,7,7
2023,CLW,Glan Clwyd Hospital,Wales,377,193,360,54,360,360,100,203,360,56,189,203,93,173,360,48,134,173,78,156,166,94,19,89,21,88,90,98,10,10,100,273,358,76,*,365,*,366,377,97,350,377,93,334,360,93,224,360,62,376,377,100,360,360,100,283,360,79,373,377,99,373,377,99,162,360,45,377,354,107,17,32,366,377,97,295,377,78,11,377,3,373,377,99,62,377,16,42,326,13,15,377,4,3
2023,CMI,Cumberland Infirmary,England,553,262,533,49,531,533,100,281,533,53,256,281,91,252,533,47,176,252,70,292,305,96,15,146,10,134,151,89,24,24,100,365,532,69,49,368,13,533,553,96,83,553,15,513,533,96,476,533,89,520,553,94,463,533,87,366,533,69,535,553,97,437,553,79,35,533,7,553,498,111,12,21,524,553,95,436,553,79,20,553,4,526,553,95,103,553,19,121,509,24,31,553,6,6
2023,COC,Countess of Chester Hospital,England,385,334,379,88,359,379,95,238,379,63,130,238,55,144,379,38,68,144,47,211,214,99,21,103,20,88,122,72,15,17,88,248,379,65,7,372,2,383,385,100,371,385,96,374,379,99,328,379,87,378,385,98,374,379,99,257,379,68,383,385,100,378,385,98,313,379,83,385,409,94,17,25,372,385,97,266,385,69,12,385,3,345,385,90,313,385,81,185,352,53,27,385,7,7
2023,COL,Colchester General Hospital,England,642,358,623,58,293,623,47,413,623,66,224,413,54,211,623,34,118,211,56,309,312,99,29,157,19,89,179,50,33,35,94,401,622,65,29,621,5,634,642,99,638,642,99,621,623,100,563,623,90,609,642,95,621,623,100,499,623,80,623,642,97,628,642,98,343,623,55,642,632,102,13,14,544,642,85,466,642,73,15,642,2,624,642,97,483,642,75,203,615,33,42,642,7,7
2023,DAR,Darlington Memorial Hospital,England,393,278,387,72,252,387,65,175,387,45,137,175,78,222,387,57,174,222,78,216,217,100,6,93,7,103,131,79,11,11,100,268,386,69,26,383,7,384,393,98,378,393,96,375,387,97,324,387,84,390,393,99,382,387,99,263,387,68,391,393,100,389,393,99,254,387,66,393,338,116,8,18,354,393,90,244,393,62,9,393,2,392,393,100,147,393,37,157,368,43,25,393,6,5
2023,DER,Royal Derby Hospital,England,662,415,659,63,445,659,68,56,659,9,31,56,55,609,659,92,330,609,54,343,343,100,29,142,20,126,187,67,45,47,96,461,643,72,40,646,6,631,662,95,552,662,83,651,659,99,420,659,64,633,662,96,634,659,96,528,659,80,659,662,100,655,662,99,309,659,47,662,630,105,17,20,589,662,89,475,662,72,15,662,2,656,662,99,423,662,64,121,604,20,39,662,6,6
2023,DID,Doncaster Royal Infirmary,England,546,254,542,47,492,542,91,137,542,25,48,137,35,408,542,75,138,408,34,207,261,79,14,121,12,59,68,87,10,14,71,230,483,48,21,528,4,457,546,84,16,546,3,533,542,98,372,542,69,494,546,91,406,542,75,325,542,60,20,546,4,197,546,36,*,540,*,546,562,97,17,19,521,546,95,464,546,85,8,546,2,545,546,100,0,546,0,248,506,49,30,546,5,5
2023,DRY,University Hospital of North Durham,England,428,227,420,54,135,420,32,267,420,64,142,267,53,157,420,37,80,157,51,224,225,100,17,76,22,100,120,83,31,34,91,335,418,80,68,412,17,413,428,97,376,428,88,413,420,98,309,420,74,427,428,100,417,420,99,312,420,74,424,428,99,402,428,94,176,420,42,428,401,107,11,20,403,428,94,310,428,72,16,428,4,427,428,100,199,428,47,197,404,49,26,428,6,4
2023,DVH,Darent Valley Hospital,England,298,206,298,69,151,298,51,177,298,59,34,177,19,126,298,42,15,126,12,153,159,96,23,74,31,56,90,62,12,19,63,201,297,68,16,289,6,296,298,99,277,298,93,294,298,99,247,298,83,298,298,100,296,298,99,240,298,81,296,298,99,296,298,99,192,298,64,298,315,95,16,16,244,298,82,221,298,74,9,298,3,297,298,100,0,298,0,0,285,0,13,298,4,6
2023,EBH,Birmingham Heartlands Hospital,England,1212,778,1176,66,1176,1176,100,715,1176,61,367,715,51,549,1176,47,233,549,42,484,589,82,48,249,19,130,468,28,20,20,100,534,1175,45,34,1104,3,1211,1212,100,1187,1212,98,1171,1176,100,894,1176,76,1212,1212,100,1170,1176,100,817,1176,70,1208,1212,100,1202,1212,99,775,1176,66,1212,1054,115,11,19,1141,1212,94,813,1212,67,34,1212,3,1194,1212,99,0,1212,0,0,1118,0,71,1212,6,6
2023,ENH,East and North Herts Hospital,England,459,353,451,78,202,451,45,160,451,36,127,160,79,295,451,65,192,295,65,247,248,100,25,116,22,111,124,90,35,40,88,333,446,75,*,450,*,444,459,97,453,459,99,414,451,92,419,451,93,459,459,100,444,451,98,337,451,75,458,459,100,452,459,99,307,451,68,459,430,107,14,14,437,459,95,358,459,78,10,459,2,457,459,100,258,459,56,248,433,57,34,459,7,6
2023,ESU,East Surrey Hospital,England,499,186,494,38,19,494,4,321,494,65,184,321,57,181,494,37,62,181,34,270,277,98,27,110,25,102,141,72,8,8,100,346,493,70,71,492,14,493,499,99,492,499,99,491,494,99,403,494,82,494,499,99,489,494,99,390,494,79,497,499,100,494,499,99,179,494,36,499,543,92,19,20,413,499,83,309,499,62,6,499,1,183,499,37,240,499,48,212,461,46,31,499,6,4
2023,FAZ,University Hospital Aintree,England,848,364,825,44,499,825,61,781,825,95,554,781,71,44,825,5,12,44,27,410,411,100,22,155,14,181,271,67,67,71,94,592,821,72,75,799,9,826,848,97,722,848,85,819,825,99,601,825,73,837,848,99,773,825,94,547,825,66,844,848,100,833,848,98,290,825,35,848,829,102,20,26,610,848,72,480,848,57,35,848,4,834,848,98,653,848,77,0,757,0,53,848,6,6
2023,FGH,Furness General,England,158,98,152,65,83,152,55,32,152,21,0,32,0,121,152,80,0,121,0,35,83,42,18,46,39,24,29,83,*,10,*,73,149,49,69,151,46,153,158,97,149,158,94,150,152,99,125,152,82,156,158,99,153,152,101,123,152,81,157,158,99,153,158,97,84,152,55,158,184,86,20,27,147,158,93,119,158,75,*,160,*,144,158,91,*,160,*,0,143,0,9,158,6,9
2023,FRM,Frimley Park Hospital,England,468,259,460,56,294,460,64,101,460,22,79,101,78,376,460,82,274,376,73,228,230,99,30,106,28,77,134,58,6,7,86,312,456,68,31,456,7,453,468,97,433,468,93,453,460,99,340,460,74,446,468,95,447,460,97,380,460,83,465,468,99,463,468,99,221,460,48,468,498,94,18,26,454,468,97,367,468,78,9,468,2,462,468,99,294,468,63,253,427,59,24,468,5,4
2023,FRY,Southmead Hospital,England,609,392,586,67,367,586,63,559,586,95,504,559,90,29,586,5,16,29,55,295,298,99,43,120,36,156,207,75,36,42,86,440,585,75,153,583,26,599,609,98,574,609,94,580,586,99,516,586,88,607,609,100,578,586,99,469,586,80,603,609,99,602,609,99,365,586,62,609,588,104,17,17,516,609,85,397,609,65,20,609,3,598,609,98,303,609,50,315,561,56,44,609,7,6
2023,GEO,St George's Hospital,England,209,150,201,75,101,201,50,136,201,68,54,136,40,83,201,41,25,83,30,99,100,99,7,45,16,33,59,56,6,7,86,124,196,63,8,202,4,198,209,95,187,209,90,194,201,97,173,201,86,208,209,100,174,201,87,135,201,67,207,209,99,201,209,96,116,201,58,209,228,92,18,23,191,209,91,163,209,78,7,209,3,203,209,97,*,210,*,*,200,*,9,209,4,4
2023,GGH,"Diana, Princess of Wales Hospital",England,288,204,287,71,287,287,100,174,287,61,51,174,29,116,287,40,10,116,9,143,154,93,33,75,44,69,72,96,50,50,100,224,284,79,13,280,5,287,288,100,240,288,83,284,287,99,188,287,66,288,288,100,284,287,99,272,287,95,281,288,98,282,288,98,163,287,57,288,257,112,11,11,252,288,88,177,288,62,6,288,2,250,288,87,222,288,77,80,276,29,10,288,3,3
2023,GLO,Gloucestershire Royal Hospital,England,829,289,811,36,216,811,27,705,811,87,695,705,99,114,811,14,99,114,87,421,421,100,49,168,29,123,245,50,62,62,100,574,811,71,28,809,4,824,829,99,823,829,99,805,811,99,718,811,89,829,829,100,806,811,99,631,811,78,816,829,98,818,829,99,287,811,35,829,799,104,16,17,752,829,91,646,829,78,20,829,2,798,829,96,654,829,79,387,766,51,63,829,8,6
2023,GWE,The Grange University Hospital,Wales,811,448,788,57,349,788,44,321,788,41,306,321,95,467,788,59,430,467,92,369,371,100,34,110,31,169,235,72,36,44,82,569,729,78,111,739,15,536,811,66,782,811,96,754,788,96,547,788,69,800,811,99,776,788,99,632,788,80,797,811,98,796,811,98,277,788,35,811,746,109,6,34,786,811,97,616,811,76,55,811,7,772,811,95,619,811,76,528,689,77,54,811,7,7
2023,GWH,"Queen Elizabeth Hospital, Woolwich",England,305,217,304,71,299,304,98,239,304,79,212,239,89,70,304,23,64,70,91,142,147,97,9,73,12,54,82,66,20,23,87,193,304,64,6,288,2,303,305,99,297,305,97,302,304,99,291,304,96,302,305,99,301,304,99,237,304,78,303,305,99,303,305,99,210,304,69,305,305,100,17,17,288,305,94,247,305,81,9,305,3,304,305,100,19,305,6,205,281,73,20,305,7,8
2023,GWY,Ysbyty Gwynedd Hospital,Wales,352,255,352,72,310,352,88,291,352,83,119,291,41,66,352,19,16,66,24,128,137,93,10,127,8,83,97,86,18,22,82,182,351,52,22,332,7,344,352,98,235,352,67,350,352,99,328,352,93,350,352,99,341,352,97,286,352,81,342,352,97,345,352,98,185,352,53,352,324,109,19,28,333,352,95,290,352,82,*,350,*,328,352,93,349,352,99,200,314,64,11,352,3,2
2023,HAR,Harrogate District Hospital,England,285,238,280,85,122,280,44,150,280,54,133,150,89,138,280,49,101,138,73,154,157,98,12,54,22,73,82,89,16,16,100,221,276,80,60,277,22,278,285,98,273,285,96,276,280,99,249,280,89,285,285,100,277,280,99,165,280,59,280,285,98,280,285,98,223,280,80,285,283,101,14,19,257,285,90,202,285,71,8,285,3,256,285,90,203,285,71,105,265,40,18,285,6,4
2023,HCH,County Hospital Hereford,England,419,253,401,63,198,401,49,271,401,68,218,271,80,140,401,35,*,150,*,208,208,100,16,137,12,125,128,98,10,11,91,278,399,70,15,407,4,417,419,100,415,419,99,400,401,100,399,401,100,419,419,100,399,401,100,287,401,72,419,419,100,418,419,100,251,401,63,419,455,92,12,19,378,419,90,280,419,67,9,419,2,418,419,100,*,420,*,0,381,0,44,419,11,10
2023,HIL,Hillingdon Hospital,England,203,151,203,74,100,203,49,63,203,31,11,63,18,147,203,72,*,150,*,91,104,88,7,44,16,44,63,70,16,17,94,138,202,68,13,195,7,194,203,96,174,203,86,192,203,95,155,203,76,197,203,97,184,203,91,144,203,71,197,203,97,196,203,97,113,203,56,203,178,114,14,19,195,203,96,174,203,86,*,200,*,193,203,95,0,203,0,141,193,73,11,203,5,6
2023,HOM,Homerton Hospital,England,102,74,100,74,81,100,81,64,100,64,59,64,92,36,100,36,15,36,42,45,48,94,*,20,*,17,30,57,8,8,100,61,99,62,*,100,*,97,102,95,99,102,97,94,100,94,68,100,68,101,102,99,91,100,91,66,100,66,101,102,99,98,102,96,59,100,59,102,102,100,19,19,97,102,95,82,102,80,6,102,6,93,102,91,*,100,*,0,92,0,7,102,7,4
2023,HOR,Horton General Hospital,England,297,255,296,86,273,296,92,254,296,86,232,254,91,55,296,19,35,55,64,160,160,100,23,74,31,96,96,100,18,18,100,244,296,82,33,265,13,297,297,100,295,297,99,293,296,99,248,296,84,297,297,100,296,296,100,242,296,82,297,297,100,297,297,100,251,296,85,297,288,103,16,18,271,297,91,229,297,77,*,300,*,291,297,98,290,297,98,19,284,7,10,297,3,3
2023,HRI,Hull Royal Infirmary,England,686,321,671,48,338,671,50,257,671,38,98,257,38,428,671,64,186,428,44,350,359,98,33,111,30,154,205,75,22,25,88,532,670,79,77,647,12,681,686,99,627,686,91,664,671,99,623,671,93,686,686,100,641,671,96,459,671,68,673,686,98,676,686,99,286,671,43,686,674,102,18,18,658,686,96,520,686,76,35,686,5,576,686,84,482,686,70,442,612,72,63,686,9,7
2023,HUD,Huddersfield Royal Infirmary,England,544,325,522,62,239,522,46,186,522,36,156,186,84,339,522,65,312,339,92,281,286,98,20,125,16,100,165,61,25,27,93,337,515,65,10,530,2,509,544,94,422,544,78,452,522,87,306,522,59,488,544,90,516,522,99,411,522,79,473,544,87,452,544,83,170,522,33,544,562,97,19,19,485,544,89,392,544,72,12,544,2,425,544,78,0,544,0,0,504,0,31,544,6,5
2023,IOW,"St Mary's Hospital, Newport",England,227,124,218,57,37,218,17,91,218,42,32,91,35,134,218,62,59,134,44,112,112,100,0,10,0,77,85,91,*,10,*,145,168,86,42,221,19,52,227,23,12,227,5,174,218,80,130,218,60,176,227,78,0,218,0,0,218,0,205,227,90,36,227,16,0,218,0,227,195,116,14,14,139,227,61,134,227,59,*,220,*,215,227,95,*,230,*,0,226,0,*,230,*,2
2023,IPS,The Ipswich Hospital,England,500,243,477,51,453,477,95,400,477,84,332,400,83,85,477,18,35,85,41,274,274,100,0,105,0,139,151,92,31,32,97,354,474,75,87,477,18,496,500,99,464,500,93,472,477,99,378,477,79,461,500,92,472,477,99,307,477,64,493,500,99,490,500,98,205,477,43,500,531,94,14,20,476,500,95,405,500,81,15,500,3,486,500,97,467,500,93,207,464,45,26,500,5,4
2023,JPH,James Paget Hospital,England,441,308,429,72,101,429,24,199,429,46,170,199,85,233,429,54,143,233,61,201,226,89,21,91,23,103,149,69,14,15,93,287,429,67,79,434,18,440,441,100,434,441,98,424,429,99,358,429,83,436,441,99,427,429,100,330,429,77,433,441,98,435,441,99,299,429,70,441,453,97,15,18,401,441,91,333,441,76,7,441,2,414,441,94,201,441,46,198,408,49,38,441,9,8
2023,KCH,King's College Hospital,England,105,38,103,37,78,103,76,78,103,76,51,78,65,23,103,22,*,20,*,43,43,100,6,17,35,14,28,50,7,7,100,62,94,66,*,100,*,81,105,77,90,105,86,96,103,93,68,103,66,97,105,92,100,103,97,66,103,64,105,105,100,105,105,100,24,103,23,105,126,83,25,26,99,105,94,76,105,72,7,105,7,97,105,92,56,105,53,67,96,70,*,110,*,4
2023,KGH,Kettering General Hospital,England,346,236,343,69,52,343,15,261,343,76,45,261,17,89,343,26,10,89,11,185,190,97,7,90,8,74,86,86,19,22,86,234,343,68,51,339,15,346,346,100,304,346,88,340,343,99,284,343,83,342,346,99,328,343,96,282,343,82,344,346,99,325,346,94,191,343,56,346,359,96,16,17,320,346,93,271,346,78,7,346,2,317,346,92,343,346,99,0,327,0,18,346,5,7
2023,KMH,Kings Mill Hospital,England,627,288,595,48,63,595,11,415,595,70,67,415,16,346,595,58,35,346,10,283,290,98,20,103,19,141,170,83,16,18,89,451,595,76,76,594,13,626,627,100,555,627,89,591,595,99,531,595,89,625,627,100,425,595,71,354,595,60,619,627,99,597,627,95,228,595,38,627,551,114,14,21,620,627,99,507,627,81,19,627,3,623,627,99,258,627,41,182,580,31,40,627,6,6
2023,KTH,Kingston Hospital,England,352,178,336,53,236,336,70,179,336,53,10,179,6,163,336,49,*,160,*,171,171,100,12,81,15,92,98,94,24,24,100,263,336,78,16,338,5,349,352,99,319,352,91,330,336,98,280,336,83,351,352,100,332,336,99,241,336,72,348,352,99,346,352,98,154,336,46,352,366,96,19,19,275,352,78,232,352,66,11,352,3,343,352,97,0,352,0,66,336,20,15,352,4,5
2023,LDH,Luton & Dunstable Hospital,England,337,280,336,83,164,336,49,199,336,59,168,199,84,133,336,40,19,133,14,184,184,100,29,95,31,101,110,92,17,20,85,252,333,76,23,331,7,329,337,98,329,337,98,334,336,99,259,336,77,332,337,99,326,336,97,258,336,77,335,337,99,330,337,98,258,336,77,337,375,90,19,20,299,337,89,217,337,64,*,340,*,296,337,88,*,340,*,12,318,4,16,337,5,5
2023,LER,Leicester Royal Infirmary,England,858,436,852,51,226,852,27,163,852,19,97,163,60,688,852,81,431,688,63,453,472,96,21,172,12,200,329,61,34,42,81,535,847,63,20,825,2,849,858,99,777,858,91,852,852,100,625,852,73,858,858,100,846,852,99,590,852,69,854,858,100,850,858,99,405,852,48,858,926,93,17,22,834,858,97,691,858,81,29,858,3,822,858,96,0,858,0,0,813,0,34,858,4,4
2023,LEW,University Hospital Lewisham,England,183,131,173,76,112,173,65,127,173,73,65,127,51,53,173,31,30,53,57,95,102,93,*,40,*,35,44,80,6,9,67,119,170,70,10,175,6,174,183,95,176,183,96,172,173,99,133,173,77,173,183,95,174,173,101,105,173,61,180,183,98,176,183,96,120,173,69,183,192,95,18,24,160,183,87,128,183,70,8,183,4,179,183,98,*,180,*,93,164,57,7,183,4,4
2023,LGH,Leighton Hospital,England,406,262,395,66,395,395,100,335,395,85,240,335,72,60,395,15,30,60,50,212,214,99,10,70,14,99,123,81,35,37,95,304,389,78,39,391,10,398,406,98,327,406,81,296,395,75,253,395,64,353,406,87,380,395,96,312,395,79,378,406,93,377,406,93,147,395,37,406,335,121,16,21,349,406,86,257,406,63,11,406,3,400,406,99,*,410,*,0,377,0,26,406,6,6
2023,LGI,Leeds General Infirmary,England,738,229,713,32,290,713,41,441,713,62,412,441,93,273,713,38,203,273,74,396,396,100,20,138,15,131,182,72,30,34,88,529,704,75,55,691,8,731,738,99,666,738,90,708,713,99,490,713,69,736,738,100,698,713,98,554,713,78,725,738,98,723,738,98,213,713,30,738,678,109,21,26,613,738,83,500,738,68,47,738,6,707,738,96,470,738,64,363,676,54,52,738,7,7
2023,LIN,Lincoln County Hospital,England,444,228,432,53,399,432,92,126,432,29,26,126,21,302,432,70,76,302,25,191,239,80,42,129,33,95,110,86,17,18,94,279,427,65,21,428,5,443,444,100,369,444,83,424,432,98,336,432,78,435,444,98,420,432,97,320,432,74,433,444,98,357,444,80,178,432,41,444,437,102,18,18,404,444,91,330,444,74,13,444,3,429,444,97,431,444,97,140,413,34,28,444,6,6
2023,LON,Royal London Hospital,England,7,*,5,*,*,5,*,*,5,*,*,10,*,*,5,*,*,5,*,*,5,*,0,0,,0,*,*,0,0,,*,5,*,0,*,*,*,5,*,*,5,*,*,5,*,*,5,*,7,7,100,*,5,*,*,5,*,*,5,*,6,7,86,*,5,*,7,18,39,31,31,*,5,*,*,5,*,6,7,86,7,7,100,*,5,*,0,*,*,*,5,*,*
2023,MAC,Macclesfield District General Hospital,England,302,159,291,55,94,291,32,102,291,35,80,102,78,188,291,65,11,188,6,126,136,93,26,62,42,61,87,70,14,15,93,220,291,76,27,294,9,295,302,98,274,302,91,291,291,100,203,291,70,284,302,94,286,291,98,263,291,90,295,302,98,291,302,96,142,291,49,302,304,99,19,24,243,302,81,199,302,66,7,302,2,290,302,96,0,302,0,0,281,0,14,302,5,4
2023,MAY,Mayday University Hospital,England,291,166,284,59,209,284,74,111,284,39,59,111,53,176,284,62,76,176,43,110,123,89,7,40,18,74,96,77,30,30,100,211,280,75,*,280,*,285,291,98,284,291,98,273,284,96,179,284,63,290,291,100,280,284,99,239,284,84,290,291,100,289,291,99,156,284,55,291,264,110,22,22,248,291,85,210,291,72,6,291,2,263,291,90,0,291,0,0,273,0,12,291,4,3
2023,MDW,Medway Maritime Hospital,England,403,216,395,55,396,395,100,*,400,*,*,*,*,394,395,100,14,394,4,189,192,98,22,137,16,128,135,95,*,*,*,258,396,65,30,393,8,403,403,100,362,403,90,396,395,100,395,395,100,401,403,100,394,395,100,251,395,64,396,403,98,397,403,99,195,395,49,403,394,102,20,20,352,403,87,281,403,70,8,403,2,396,403,98,323,403,80,91,367,25,25,403,6,8
2023,MKH,Milton Keynes General Hospital,England,301,150,290,52,87,290,30,239,290,82,25,239,11,51,290,18,*,50,*,174,174,100,19,69,28,57,83,69,*,*,*,204,285,72,*,300,*,285,301,95,280,301,93,284,290,98,217,290,75,293,301,97,219,290,76,184,290,63,293,301,97,294,301,98,109,290,38,301,282,107,21,21,285,301,95,240,301,80,*,300,*,267,301,89,*,300,*,89,275,32,22,301,7,7
2023,MOR,Morriston Hospital,Wales,600,185,571,32,328,571,57,462,571,81,387,462,84,135,571,24,87,135,64,273,278,98,35,109,32,109,156,70,83,102,81,410,564,73,10,572,2,570,600,95,582,600,97,568,571,100,474,571,83,600,600,100,568,571,100,428,571,75,598,600,100,597,600,100,172,571,30,600,633,95,22,33,536,600,89,431,600,72,24,600,4,590,600,98,422,600,70,97,508,19,35,600,6,5
2023,MPH,Musgrove Park Hospital,England,504,359,492,73,365,492,74,285,492,58,157,285,55,204,492,42,98,204,48,228,228,100,32,92,35,128,151,85,*,5,*,389,484,80,64,485,13,473,504,94,412,504,82,484,492,98,435,492,88,450,504,89,430,492,87,340,492,69,489,504,97,489,504,97,229,492,47,504,554,91,13,19,471,504,94,394,504,78,17,504,3,*,500,*,0,504,0,172,462,37,32,504,6,5
2023,MRI,Manchester Royal Infirmary,England,38,12,36,33,36,36,100,16,36,44,9,16,56,22,36,61,10,22,46,17,17,100,*,*,*,*,10,*,*,*,*,28,35,80,*,30,*,36,38,95,33,38,87,34,36,94,17,36,47,35,38,92,34,36,94,20,36,56,37,38,97,37,38,97,9,36,25,38,41,93,31,43,33,38,87,21,38,55,12,38,32,29,38,76,9,38,24,13,31,42,*,40,*,*
2023,NCR,New Cross Hospital,England,472,282,452,62,422,452,93,179,452,40,98,179,55,248,452,55,100,248,40,215,230,94,19,94,20,108,161,67,21,25,84,290,450,64,7,454,2,466,472,99,470,472,100,448,452,99,328,452,73,472,472,100,450,452,100,361,452,80,468,472,99,468,472,99,276,452,61,472,497,95,13,18,445,472,94,366,472,78,16,472,3,466,472,99,203,472,43,259,437,59,41,472,9,7
2023,NDD,North Devon District Hospital,England,304,197,300,66,37,300,12,268,300,89,176,268,66,37,300,12,16,37,43,128,135,95,14,42,33,79,97,81,31,36,86,215,274,79,38,285,13,183,304,60,6,304,2,297,300,99,284,300,95,177,304,58,151,300,50,118,300,39,291,304,96,80,304,26,0,300,0,304,362,84,12,13,296,304,97,250,304,82,12,304,4,271,304,89,0,304,0,95,289,33,17,304,6,4
2023,NGS,Northern General Hospital,England,573,411,562,73,509,562,91,175,562,31,145,175,83,388,562,69,311,388,80,291,291,100,30,114,26,147,156,94,19,19,100,468,562,83,33,544,6,568,573,99,545,573,95,557,562,99,489,562,87,569,573,99,555,562,99,408,562,73,571,573,100,570,573,100,391,562,70,573,617,93,16,16,542,573,95,412,573,72,23,573,4,563,573,98,0,573,0,388,536,72,37,573,6,6
2023,NHH,North Hampshire Hospital,England,474,284,444,64,249,444,56,205,444,46,109,205,53,242,444,55,119,242,49,239,242,99,49,103,48,77,147,52,15,17,88,306,432,71,60,462,13,427,474,90,366,474,77,432,444,97,326,444,73,441,474,93,450,444,101,346,444,78,437,474,92,455,474,96,179,444,40,474,449,106,16,18,409,474,86,340,474,72,11,474,2,427,474,90,147,474,31,119,433,28,24,474,5,4
2023,NMG,North Manchester General Hospital,England,375,99,359,28,315,359,88,61,359,17,13,61,21,306,359,85,133,306,44,176,186,95,21,79,27,26,102,26,15,16,94,216,359,60,182,357,51,374,375,100,371,375,99,356,359,99,263,359,73,375,375,100,359,359,100,258,359,72,369,375,98,369,375,98,99,359,28,375,382,98,19,20,294,375,78,230,375,61,12,375,3,365,375,97,0,375,0,151,343,44,27,375,7,5
2023,NMH,North Middlesex Hospital,England,232,154,225,68,159,225,71,138,225,61,96,138,70,87,225,39,53,87,61,98,111,88,12,53,23,61,81,75,10,11,91,152,224,68,*,220,*,232,232,100,224,232,97,228,225,101,180,225,80,232,232,100,228,225,101,165,225,73,228,232,98,227,232,98,146,225,65,232,254,91,20,24,214,232,92,167,232,72,10,232,4,199,232,86,0,232,0,127,209,61,14,232,6,6
2023,NOB,Noble's Hospital,England,85,75,81,93,34,81,42,59,81,73,50,59,85,25,81,31,*,30,*,35,36,97,*,30,*,24,30,80,7,7,100,51,80,64,22,83,27,75,85,88,70,85,82,81,81,100,81,81,100,85,85,100,61,81,75,52,81,64,85,85,100,83,85,98,50,81,62,85,61,139,12,21,85,85,100,77,85,91,*,90,*,85,85,100,57,85,67,0,83,0,0,85,0,0
2023,NOR,Norfolk and Norwich Hospital,England,880,538,859,63,638,859,74,666,859,78,180,666,27,195,859,23,39,195,20,453,464,98,40,172,23,139,265,53,41,45,91,573,849,68,96,835,12,849,880,97,655,880,74,834,859,97,781,859,91,879,880,100,817,859,95,612,859,71,792,880,90,748,880,85,405,859,47,880,827,106,18,18,708,880,81,595,880,68,41,880,5,783,880,89,538,880,61,0,805,0,62,880,7,6
2023,NPH,Northwick Park Hospital,England,315,154,301,51,232,301,77,184,301,61,128,184,70,120,301,40,91,120,76,133,133,100,7,58,12,91,110,83,29,29,100,234,300,78,12,300,4,308,315,98,291,315,92,297,301,99,218,301,72,314,315,100,280,301,93,216,301,72,310,315,98,308,315,98,133,301,44,315,299,105,11,20,277,315,88,230,315,73,13,315,4,305,315,97,296,315,94,197,295,67,12,315,4,3
2023,NSE,Northumbria Specialist Emergency Care Hospital,England,676,519,662,78,661,662,100,272,662,41,260,272,96,392,662,59,345,392,88,382,393,97,28,121,23,188,205,92,18,21,86,533,653,82,96,650,15,629,676,93,622,676,92,656,662,99,645,662,97,673,676,100,656,662,99,456,662,69,669,676,99,665,676,98,460,662,70,676,711,95,7,20,649,676,96,496,676,73,22,676,3,556,676,82,322,676,48,378,612,62,47,676,7,5
2023,NTG,University Hospital of North Tees,England,408,212,390,54,284,390,73,87,390,22,44,87,51,305,390,78,117,305,38,197,205,96,16,72,22,98,148,66,15,18,83,280,389,72,70,399,18,403,408,99,375,408,92,380,390,97,255,390,65,408,408,100,343,390,88,284,390,73,406,408,100,406,408,100,167,390,43,408,403,101,15,15,343,408,84,299,408,73,8,408,2,396,408,97,246,408,60,129,384,34,20,408,5,3
2023,NTH,Northampton General Hospital,England,406,255,400,64,206,400,52,150,400,38,25,150,17,266,400,67,25,266,9,226,231,98,34,103,33,104,125,83,6,8,75,296,396,75,0,397,0,394,406,97,373,406,92,340,400,85,260,400,65,370,406,91,383,400,96,307,400,77,390,406,96,402,406,99,177,400,44,406,416,98,20,20,354,406,87,301,406,74,7,406,2,375,406,92,226,406,56,135,375,36,23,406,6,5
2023,NUN,George Eliot Hospital,England,336,159,326,49,49,326,15,90,326,28,78,90,87,239,326,73,215,239,90,176,176,100,*,70,*,52,115,45,21,22,96,193,326,59,7,332,2,332,336,99,315,336,94,318,326,98,265,326,81,318,336,95,318,326,98,242,326,74,333,336,99,329,336,98,141,326,43,336,312,108,17,22,332,336,99,269,336,80,*,340,*,280,336,83,14,336,4,191,306,62,21,336,6,5
2023,OHM,Royal Oldham Hospital,England,421,272,415,66,362,415,87,128,415,31,52,128,41,290,415,70,66,290,23,149,193,77,31,103,30,45,129,35,6,6,100,199,415,48,13,410,3,421,421,100,387,421,92,413,415,100,405,415,98,420,421,100,412,415,99,334,415,81,418,421,99,395,421,94,246,415,59,421,414,102,17,26,410,421,97,338,421,80,8,421,2,341,421,81,0,421,0,114,374,31,32,421,8,6
2023,OLD,Queens Hospital Romford,England,542,358,532,67,531,532,100,332,532,62,112,332,34,246,532,46,75,246,31,202,249,81,24,105,23,124,130,95,101,102,99,395,526,75,100,522,19,511,542,94,441,542,81,527,532,99,520,532,98,518,542,96,515,532,97,411,532,77,536,542,99,470,542,87,250,532,47,542,500,108,17,17,446,542,82,374,542,69,10,542,2,471,542,87,305,542,56,*,510,*,28,542,5,5
2023,PAH,Princess Alexandra Hospital,England,360,278,354,79,234,354,66,83,354,23,72,83,87,268,354,76,261,268,97,186,188,99,16,88,18,84,144,58,*,*,*,216,353,61,32,347,9,355,360,99,346,360,96,348,354,98,333,354,94,358,360,99,352,354,99,260,354,73,352,360,98,352,360,98,263,354,74,360,347,104,18,18,277,360,77,242,360,67,12,360,3,288,360,80,145,360,40,0,341,0,18,360,5,4
2023,PCH,Prince Charles Hospital,Wales,217,148,212,70,141,212,67,108,212,51,77,108,71,106,212,50,83,106,78,33,94,35,*,20,*,54,77,70,14,14,100,109,194,56,42,199,21,123,217,57,0,217,0,206,212,97,147,212,69,217,217,100,*,215,*,*,215,*,*,217,*,29,217,13,0,212,0,217,269,81,22,36,195,217,90,154,217,71,16,217,7,210,217,97,0,217,0,0,174,0,14,217,6,7
2023,PET,Peterborough City Hospital,England,693,279,685,41,681,685,99,274,685,40,176,274,64,414,685,60,251,414,61,294,298,99,41,124,33,9,270,3,10,11,91,306,684,45,46,665,7,681,693,98,644,693,93,683,685,100,601,685,88,690,693,100,666,685,97,535,685,78,685,693,99,682,693,98,262,685,38,693,723,96,15,16,629,693,91,537,693,78,22,693,3,507,693,73,0,693,0,0,651,0,47,693,7,6
2023,PGH,Poole General Hospital,England,924,389,912,43,223,912,25,794,912,87,665,794,84,128,912,14,0,128,0,401,407,99,81,211,38,143,327,44,19,20,95,581,907,64,104,902,12,911,924,99,922,924,100,862,912,95,741,912,81,921,924,100,885,912,97,766,912,84,919,924,100,911,924,99,358,912,39,924,943,98,17,18,800,924,87,637,924,69,18,924,2,880,924,95,459,924,50,374,868,43,54,924,6,5
2023,PIL,Pilgrim Hospital,England,437,231,427,54,402,427,94,105,427,25,18,105,17,331,427,78,44,331,13,175,214,82,16,85,19,119,147,81,17,26,65,273,407,67,33,425,8,372,437,85,386,437,88,416,427,97,298,427,70,432,437,99,415,427,97,330,427,77,423,437,97,428,437,98,181,427,42,437,437,100,18,18,409,437,94,340,437,78,6,437,1,425,437,97,226,437,52,106,413,26,27,437,6,5
2023,PIN,Pinderfields General Hospital,England,580,395,570,69,305,570,54,252,570,44,232,252,92,321,570,56,271,321,84,300,305,98,15,102,15,114,179,64,40,43,93,405,569,71,22,554,4,577,580,100,551,580,95,566,570,99,423,570,74,580,580,100,565,570,99,394,570,69,578,580,100,575,580,99,380,570,67,580,606,96,15,25,541,580,93,393,580,68,14,580,2,540,580,93,22,580,4,43,531,8,40,580,7,5
2023,PLY,Derriford Hospital,England,607,194,601,32,598,601,100,335,601,56,239,335,71,281,601,47,157,281,56,231,329,70,18,152,12,111,132,84,20,27,74,315,597,53,49,567,9,591,607,97,566,607,93,589,601,98,530,601,88,587,607,97,583,601,97,418,601,70,599,607,99,594,607,98,181,601,30,607,563,108,16,23,529,607,87,418,607,69,15,607,3,599,607,99,*,610,*,160,575,28,25,607,4,4
2023,PMS,The Great Western Hospital,England,430,280,425,66,249,425,59,146,425,34,118,146,81,276,425,65,232,276,84,224,224,100,19,99,19,107,109,98,21,22,96,342,425,81,27,417,7,424,430,99,399,430,93,423,425,100,398,425,94,419,430,97,412,425,97,283,425,67,425,430,99,426,430,99,259,425,61,430,425,101,13,18,392,430,91,307,430,71,6,430,1,412,430,96,209,430,49,190,392,49,43,430,10,9
2023,POW,Princess Of Wales Hospital,Wales,219,134,213,63,92,213,43,169,213,79,11,169,7,49,213,23,7,49,14,111,113,98,*,45,*,41,70,59,11,13,85,127,198,64,83,204,41,153,219,70,156,219,71,185,213,87,157,213,74,213,219,97,192,213,90,157,213,74,187,219,85,186,219,85,58,213,27,219,275,80,25,28,203,219,93,155,219,71,8,219,4,213,219,97,94,219,43,92,174,53,20,219,9,10
2023,QAP,Queen Alexandra Hospital,England,729,564,717,79,608,717,85,399,717,56,239,399,60,321,717,45,208,321,65,330,377,88,43,178,24,133,217,61,46,46,100,468,717,65,80,710,11,729,729,100,727,729,100,711,717,99,666,717,93,729,729,100,716,717,100,592,717,83,724,729,99,723,729,99,559,717,78,729,767,95,18,18,697,729,96,590,729,81,19,729,3,712,729,98,597,729,82,554,694,80,28,729,4,3
2023,QEB,"Queen Elizabeth Hospital, Edgbaston",England,62,18,54,33,53,54,98,34,54,63,15,34,44,9,54,17,*,10,*,22,28,79,*,*,*,8,17,47,*,*,*,24,40,60,0,48,0,61,62,98,48,62,77,51,54,94,34,54,63,62,62,100,50,54,93,32,54,59,62,62,100,58,62,94,15,54,28,62,55,113,15,18,45,62,73,34,62,55,11,62,18,57,62,92,0,62,0,0,45,0,6,62,10,10
2023,QEG,"Queen Elizabeth Hospital, Gateshead",England,320,267,308,87,280,308,91,265,308,86,252,265,95,43,308,14,33,43,77,167,176,95,13,67,19,58,70,83,15,15,100,233,308,76,63,298,21,320,320,100,310,320,97,304,308,99,238,308,77,319,320,100,305,308,99,232,308,75,320,320,100,319,320,100,261,308,85,320,337,95,15,19,319,320,100,262,320,82,15,320,5,313,320,98,246,320,77,166,296,56,24,320,8,6
2023,QEQ,Queen Elizabeth the Queen Mother Hospital,England,533,374,519,72,295,519,57,169,519,33,127,169,75,350,519,67,145,350,41,229,265,86,20,153,13,57,173,33,12,12,100,245,512,48,25,524,5,508,533,95,459,533,86,481,519,93,349,519,67,446,533,84,498,519,96,373,519,72,471,533,88,517,533,97,247,519,48,533,498,107,16,17,499,533,94,409,533,77,9,533,2,499,533,94,0,533,0,302,493,61,34,533,6,8
2023,QKL,Queen Elizabeth Hospital (King's Lynn),England,469,260,465,56,246,465,53,325,465,70,281,325,87,140,465,30,108,140,77,242,245,99,18,97,19,111,128,87,31,35,89,360,463,78,68,461,15,460,469,98,448,469,96,429,465,92,395,465,85,441,469,94,424,465,91,357,465,77,462,469,99,458,469,98,207,465,45,469,441,106,19,19,454,469,97,387,469,83,7,469,2,461,469,98,0,469,0,194,441,44,32,469,7,5
2023,RAD,John Radcliffe Hospital,England,526,201,498,40,371,498,75,256,498,51,148,256,58,246,498,49,23,246,9,262,270,97,14,95,15,129,157,82,18,19,95,384,496,77,11,510,2,521,526,99,510,526,97,448,498,90,432,498,87,482,526,92,481,498,97,327,498,66,517,526,98,518,526,99,167,498,34,526,515,102,14,14,421,526,80,276,526,53,12,526,2,505,526,96,327,526,62,24,493,5,47,526,9,9
2023,RBE,Royal Berkshire Hospital,England,459,252,439,57,227,439,52,332,439,76,176,332,53,118,439,27,0,118,0,211,233,91,41,109,38,113,136,83,24,27,89,330,438,75,101,445,23,452,459,99,455,459,99,433,439,99,358,439,82,456,459,99,433,439,99,324,439,74,456,459,99,455,459,99,242,439,55,459,514,89,15,16,386,459,84,319,459,70,13,459,3,451,459,98,424,459,92,143,431,33,25,459,5,4
2023,RCH,Royal Cornwall Hospital,England,738,349,724,48,287,724,40,191,724,26,164,191,86,560,724,77,439,560,78,340,342,99,80,188,43,149,189,79,46,47,98,540,702,77,180,712,25,667,738,90,685,738,93,712,724,98,513,724,71,661,738,90,669,724,92,512,724,71,730,738,99,726,738,98,263,724,36,738,700,105,12,15,547,738,74,415,738,56,25,738,3,732,738,99,0,738,0,257,675,38,55,738,7,6
2023,RDE,Royal Devon & Exeter Hospital,England,627,332,605,55,471,605,78,351,605,58,214,351,61,281,605,46,35,281,13,333,339,98,48,142,34,103,167,62,35,39,90,445,604,74,76,603,13,612,627,98,617,627,98,600,605,99,528,605,87,611,627,97,578,605,96,409,605,68,624,627,100,625,627,100,303,605,50,627,605,104,11,17,625,627,100,516,627,82,10,627,2,621,627,99,503,627,80,463,587,79,40,627,6,5
2023,RFH,Royal Free Hospital,England,198,41,191,22,148,191,78,147,191,77,59,147,40,44,191,23,8,44,18,98,98,100,9,37,24,51,63,81,16,16,100,142,180,79,*,190,*,167,198,84,166,198,84,170,191,89,100,191,52,187,198,94,140,191,73,103,191,54,180,198,91,166,198,84,18,191,9,198,131,151,21,22,121,198,61,97,198,49,10,198,5,186,198,94,0,198,0,0,188,0,8,198,4,3
2023,RGH,Royal Glamorgan,Wales,250,159,245,65,41,245,17,165,245,67,124,165,75,84,245,34,49,84,58,123,125,98,*,40,*,42,46,91,19,19,100,154,191,81,27,233,12,117,250,47,0,250,0,222,245,91,162,245,66,213,250,85,46,245,19,39,245,16,7,250,3,25,250,10,0,245,0,250,275,91,32,44,226,250,90,168,250,67,12,250,5,245,250,98,0,250,0,0,188,0,16,250,6,7
2023,RLI,Royal Lancaster Infirmary,England,320,183,314,58,151,314,48,194,314,62,58,194,30,113,314,36,10,113,9,150,167,90,13,63,21,62,93,67,8,12,67,201,307,66,96,308,31,277,320,87,278,320,87,305,314,97,236,314,75,317,320,99,298,314,95,204,314,65,317,320,99,306,320,96,138,314,44,320,317,101,20,22,310,320,97,237,320,74,9,320,3,223,320,70,0,320,0,0,297,0,27,320,8,10
2023,ROT,Rotherham General Hospital,England,291,212,291,73,271,291,93,71,291,24,31,71,44,233,291,80,21,233,9,146,155,94,21,43,49,82,87,94,*,*,*,252,289,87,30,281,11,291,291,100,256,291,88,289,291,99,210,291,72,291,291,100,291,291,100,278,291,96,290,291,100,282,291,97,187,291,64,291,270,108,14,14,248,291,85,200,291,69,8,291,3,290,291,100,275,291,95,152,272,56,24,291,8,4
2023,RPH,Royal Preston Hospital,England,469,163,469,35,307,469,66,183,469,39,103,183,56,297,469,63,76,297,26,262,264,99,32,104,31,86,159,54,15,17,88,311,469,66,24,457,5,469,469,100,450,469,96,377,469,80,373,469,80,469,469,100,469,469,100,369,469,79,469,469,100,469,469,100,128,469,27,469,481,98,14,14,442,469,94,331,469,71,9,469,2,448,469,96,383,469,82,328,447,73,28,469,6,5
2023,RSC,Royal Sussex County Hospital,England,666,510,663,77,663,663,100,77,663,12,64,77,83,605,663,91,460,605,76,265,268,99,96,161,60,*,190,*,23,25,92,402,660,61,149,644,23,654,666,98,599,666,90,655,663,99,544,663,82,633,666,95,640,663,97,516,663,78,644,666,97,645,666,97,455,663,69,666,646,103,17,18,474,666,71,425,666,64,19,666,3,617,666,93,0,666,0,101,633,16,28,666,4,4
2023,RSS,Royal Shrewsbury Hospital,England,398,202,375,54,292,375,78,218,375,58,54,218,25,166,375,44,17,166,10,188,223,84,9,90,10,112,124,90,15,21,71,251,374,67,*,380,*,395,398,99,326,398,82,371,375,99,280,375,75,394,398,99,371,375,99,319,375,85,393,398,99,392,398,99,181,375,48,398,423,94,13,15,271,398,68,207,398,52,12,398,3,395,398,99,*,400,*,121,385,31,18,398,5,4
2023,RSU,Royal Surrey County Hospital,England,373,256,371,69,222,371,60,254,371,69,132,254,52,168,371,45,22,168,13,207,208,100,27,98,28,54,79,68,36,39,92,264,365,72,11,369,3,340,373,91,366,373,98,369,371,100,306,371,83,347,373,93,313,371,84,236,371,64,370,373,99,368,373,99,189,371,51,373,388,96,10,20,364,373,98,292,373,78,*,370,*,323,373,87,8,373,2,49,354,14,17,373,5,5
2023,RUS,Russells Hall Hospital,England,546,283,527,54,495,527,94,118,527,22,69,118,59,427,527,81,215,427,50,280,283,99,18,121,15,142,181,79,13,20,65,376,527,71,9,536,2,546,546,100,538,546,99,519,527,99,413,527,78,546,546,100,523,527,99,408,527,77,539,546,99,538,546,99,279,527,53,546,556,98,20,20,507,546,93,374,546,69,8,546,2,525,546,96,349,546,64,355,494,72,36,546,7,7
2023,RVN,Royal Victoria Infirmary,England,481,396,466,85,385,466,83,396,466,85,376,396,95,73,466,16,46,73,63,217,218,100,33,88,38,133,143,93,26,27,96,396,460,86,112,450,25,435,481,90,462,481,96,458,466,98,376,466,81,463,481,96,442,466,95,310,466,67,472,481,98,472,481,98,331,466,71,481,470,102,10,23,408,481,85,328,481,68,28,481,6,437,481,91,11,481,2,10,442,2,42,481,9,5
2023,SAL,Salisbury District Hospital,England,335,267,332,80,156,332,47,272,332,82,241,272,89,54,332,16,9,54,17,182,184,99,22,87,25,86,98,88,12,13,92,249,330,76,38,317,12,335,335,100,332,335,99,332,332,100,271,332,82,335,335,100,330,332,99,280,332,84,335,335,100,335,335,100,264,332,80,335,315,106,17,18,307,335,92,246,335,73,17,335,5,335,335,100,186,335,56,196,312,63,26,335,8,9
2023,SAN,Sandwell District Hospital,England,395,219,384,57,384,384,100,34,384,9,14,34,41,355,384,92,283,355,80,155,167,93,26,85,31,51,157,33,9,10,90,197,382,52,17,372,5,384,395,97,362,395,92,370,384,96,290,384,76,330,395,84,367,384,96,269,384,70,386,395,98,386,395,98,160,384,42,395,422,94,15,20,356,395,90,296,395,75,16,395,4,386,395,98,0,395,0,0,368,0,35,395,9,12
2023,SCA,Scarborough General Hospital,England,325,161,319,51,241,319,76,177,319,56,92,177,52,137,319,43,42,137,31,178,181,98,13,61,21,78,85,92,16,17,94,242,303,80,11,313,4,266,325,82,183,325,56,299,319,94,264,319,83,313,325,96,259,319,81,196,319,61,299,325,92,298,325,92,76,319,24,325,292,111,13,19,282,325,87,230,325,71,7,325,2,205,325,63,0,325,0,0,312,0,13,325,4,3
2023,SCM,James Cook University Hospital,England,508,347,486,71,471,486,97,352,486,72,130,352,37,143,486,29,31,143,22,282,289,98,30,108,28,118,152,78,20,25,80,362,481,75,87,488,18,496,508,98,486,508,96,471,486,97,347,486,71,505,508,99,447,486,92,362,486,75,502,508,99,499,508,98,301,486,62,508,475,107,13,22,480,508,95,365,508,72,19,508,4,322,508,63,0,508,0,83,474,18,25,508,5,4
2023,SCU,Scunthorpe General Hospital,England,245,141,245,58,194,245,79,100,245,41,48,100,48,152,245,62,69,152,45,123,128,96,13,52,25,50,59,85,43,46,94,186,243,77,26,238,11,245,245,100,237,245,97,243,245,99,218,245,89,244,245,100,244,245,100,180,245,74,243,245,99,244,245,100,138,245,56,245,219,112,14,14,187,245,76,136,245,56,7,245,3,243,245,99,222,245,91,63,226,28,16,245,7,6
2023,SEH,Southend Hospital,England,479,195,440,44,237,440,54,182,440,41,120,182,66,249,440,57,200,249,80,242,248,98,31,90,34,95,125,76,15,18,83,307,407,75,36,451,8,331,479,69,361,479,75,430,440,98,357,440,81,371,479,78,386,440,88,306,440,70,429,479,90,414,479,86,101,440,23,479,421,114,15,15,414,479,86,387,479,81,11,479,2,298,479,62,187,479,39,200,408,49,33,479,7,7
2023,SGH,Southampton General Hospital,England,836,141,815,17,317,815,39,491,815,60,394,491,80,337,815,41,225,337,67,394,400,99,55,198,28,19,300,6,30,30,100,347,789,44,94,801,12,739,836,88,749,836,90,805,815,99,576,815,71,830,836,99,637,815,78,511,815,63,811,836,97,811,836,97,100,815,12,836,829,101,19,20,745,836,89,579,836,69,33,836,4,807,836,97,228,836,27,413,781,53,25,836,3,2
2023,SHC,St Helier Hospital,England,452,413,446,93,391,446,88,352,446,79,270,352,77,90,446,20,7,90,8,230,242,95,12,91,13,66,100,66,15,16,94,314,446,70,9,434,2,452,452,100,451,452,100,445,446,100,379,446,85,452,452,100,444,446,100,364,446,82,452,452,100,452,452,100,412,446,92,452,487,93,21,22,409,452,91,347,452,77,11,452,2,443,452,98,223,452,49,153,432,35,13,452,3,2
2023,SHH,Stepping Hill Hospital,England,432,230,423,54,240,423,57,394,423,93,298,394,76,28,423,7,14,28,50,190,192,99,18,76,24,147,150,98,19,20,95,349,420,83,*,415,*,414,432,96,284,432,66,414,423,98,304,423,72,417,432,97,400,423,95,326,423,77,429,432,99,428,432,99,149,423,35,432,444,97,23,24,382,432,88,270,432,63,9,432,2,405,432,94,296,432,69,0,412,0,16,432,4,3
2023,SLF,Salford Royal,England,319,164,315,52,231,315,73,224,315,71,195,224,87,96,315,31,89,96,93,154,156,99,30,59,51,63,101,62,17,19,90,233,305,76,23,300,8,291,319,91,305,319,96,302,315,96,191,315,61,318,319,100,309,315,98,223,315,71,317,319,99,312,319,98,139,315,44,319,328,97,19,29,287,319,90,239,319,75,19,319,6,317,319,99,0,319,0,0,278,0,18,319,6,3
2023,SMV,Stoke Mandeville Hospital,England,409,210,403,52,393,403,98,257,403,64,247,257,96,153,403,38,149,153,97,184,185,100,42,87,48,82,100,82,18,18,100,330,401,82,8,393,2,404,409,99,362,409,89,400,403,99,320,403,79,388,409,95,387,403,96,304,403,75,404,409,99,394,409,96,174,403,43,409,384,107,18,22,391,409,96,325,409,80,8,409,2,383,409,94,382,409,93,149,382,39,21,409,5,3
2023,SOU,Southport and Formby District General,England,325,200,306,65,306,306,100,284,306,93,77,284,27,26,306,9,12,26,46,166,171,97,17,78,22,53,85,62,11,14,79,201,303,66,54,314,17,322,325,99,129,325,40,305,306,100,303,306,99,325,325,100,295,306,96,215,306,70,318,325,98,182,325,56,91,306,30,325,337,96,11,21,319,325,98,257,325,79,9,325,3,324,325,100,57,325,18,170,315,54,15,325,5,5
2023,SPH,St Peter's Hospital,England,396,265,392,68,370,392,94,389,392,99,273,389,70,29,392,7,6,29,21,204,215,95,38,110,35,7,124,6,13,13,100,188,386,49,14,389,4,377,396,95,385,396,97,388,392,99,357,392,91,391,396,99,385,392,98,270,392,69,392,396,99,388,396,98,238,392,61,396,435,91,14,14,335,396,85,253,396,64,6,396,2,386,396,98,0,396,0,109,364,30,25,396,6,7
2023,STD,South Tyneside District Hospital,England,232,174,231,75,129,231,56,38,231,17,7,38,18,198,231,86,54,198,27,115,117,98,8,48,17,54,67,81,12,12,100,166,224,74,76,225,34,214,232,92,209,232,90,230,231,100,202,231,87,232,232,100,216,231,94,162,231,70,230,232,99,226,232,97,138,231,60,232,222,105,15,17,191,232,82,157,232,68,7,232,3,198,232,85,113,232,49,110,218,51,16,232,7,8
2023,STH,St Thomas Hospital,England,254,119,250,48,204,250,82,164,250,66,98,164,60,96,250,38,20,96,21,81,121,67,24,62,39,31,55,56,17,21,81,124,231,54,48,247,19,216,254,85,232,254,91,249,250,100,228,250,91,254,254,100,230,250,92,167,250,67,253,254,100,251,254,99,95,250,38,254,253,100,17,18,247,254,97,226,254,89,*,255,*,246,254,97,46,254,18,41,247,17,7,254,3,3
2023,STM,"St Marys Hospital, Paddington",England,209,118,208,57,139,208,67,86,208,41,63,86,73,126,208,61,61,126,48,98,98,100,8,46,17,44,55,80,16,16,100,150,201,75,12,187,6,177,209,85,183,209,88,199,208,96,136,208,65,189,209,90,161,208,77,114,208,55,207,209,99,206,209,99,66,208,32,209,231,91,7,17,173,209,83,147,209,70,15,209,7,197,209,94,100,209,48,91,195,47,8,209,4,4
2023,STO,University Hospital of North Staffordshire,England,689,314,635,49,326,635,51,528,635,83,145,528,28,146,635,23,38,146,26,334,346,97,18,155,12,221,245,90,28,44,64,444,625,71,22,668,3,629,689,91,601,689,87,629,635,99,554,635,87,622,689,90,629,635,99,485,635,76,673,689,98,651,689,95,223,635,35,689,748,92,16,17,532,689,77,444,689,64,15,689,2,667,689,97,0,689,0,0,642,0,42,689,6,4
2023,STR,St Richards Hospital,England,429,292,413,71,268,413,65,392,413,95,44,392,11,145,413,35,*,150,*,244,245,100,34,76,45,81,130,62,17,19,90,312,403,77,25,416,6,386,429,90,392,429,91,405,413,98,344,413,83,426,429,99,375,413,91,311,413,75,417,429,97,408,429,95,240,413,58,429,407,105,19,20,390,429,91,326,429,76,9,429,2,420,429,98,*,430,*,205,395,52,22,429,5,4
2023,SUN,Sunderland Royal Hospital,England,454,374,447,84,363,447,81,211,447,47,88,211,42,237,447,53,125,237,53,227,227,100,25,104,24,88,104,85,17,18,94,335,446,75,43,427,10,453,454,100,454,454,100,445,447,100,443,447,99,452,454,100,445,447,100,304,447,68,452,454,100,448,454,99,368,447,82,454,408,111,19,21,436,454,96,358,454,79,12,454,3,427,454,94,294,454,65,322,412,78,29,454,6,7
2023,TGA,Tameside General Hospital,England,277,122,262,47,262,262,100,8,262,3,*,10,*,248,262,95,*,250,*,101,129,78,15,51,29,27,145,19,*,*,*,105,262,40,78,250,31,276,277,100,261,277,94,261,262,100,239,262,91,274,277,99,257,262,98,229,262,87,266,277,96,263,277,95,114,262,44,277,292,95,22,32,260,277,94,198,277,72,8,277,3,269,277,97,*,280,*,51,248,21,26,277,9,7
2023,TLF,"Princess Royal Hospital, Telford",England,262,124,245,51,157,245,64,200,245,82,174,200,87,58,245,24,*,60,*,137,141,97,10,58,17,61,84,73,8,9,89,168,245,69,*,250,*,262,262,100,213,262,81,245,245,100,209,245,85,262,262,100,245,245,100,160,245,65,260,262,99,260,262,99,108,245,44,262,270,97,16,17,216,262,82,134,262,51,*,260,*,238,262,91,0,262,0,0,247,0,17,262,6,7
2023,TOR,Torbay Hospital,England,525,277,519,53,347,519,67,312,519,60,283,312,91,229,519,44,173,229,76,245,245,100,37,128,29,135,194,70,15,17,88,356,511,70,33,500,7,511,525,97,498,525,95,500,519,96,395,519,76,524,525,100,507,519,98,427,519,82,523,525,100,515,525,98,253,519,49,525,532,99,11,19,507,525,97,422,525,80,23,525,4,520,525,99,25,525,5,192,490,39,33,525,6,6
2023,TUN,Tunbridge Wells Hospital,England,600,356,595,60,91,595,15,60,595,10,28,60,47,544,595,91,184,544,34,275,275,100,30,122,25,118,145,81,50,50,100,453,573,79,18,593,3,530,600,88,595,600,99,594,595,100,474,595,80,577,600,96,469,595,79,393,595,66,600,600,100,598,600,100,230,595,39,600,607,99,15,15,446,600,74,392,600,65,6,600,1,563,600,94,0,600,0,0,575,0,34,600,6,7
2023,UCL,University College Hospital,England,127,90,124,73,78,124,63,54,124,44,31,54,57,70,124,57,36,70,51,36,45,80,23,41,56,17,35,49,*,*,*,77,122,63,38,118,32,122,127,96,117,127,92,122,124,98,89,124,72,127,127,100,93,124,75,77,124,62,127,127,100,118,127,93,61,124,49,127,148,86,17,17,102,127,80,86,127,68,9,127,7,120,127,95,0,127,0,0,115,0,6,127,5,4
2023,UHC,University Hospital Coventry,England,560,318,542,59,542,542,100,442,542,82,410,442,93,95,542,18,79,95,83,279,287,97,26,129,20,113,191,59,13,14,93,348,534,65,49,548,9,544,560,97,468,560,84,542,542,100,542,542,100,548,560,98,504,542,93,382,542,71,555,560,99,534,560,95,257,542,47,560,568,99,10,19,559,560,100,494,560,88,10,560,2,556,560,99,353,560,63,346,523,66,36,560,6,7
2023,UHN,University Hospital Queens Medical Centre,England,782,408,764,53,513,764,67,521,764,68,503,521,97,240,764,31,227,240,95,324,331,98,26,120,22,206,266,77,43,44,98,595,748,80,9,765,1,767,782,98,746,782,95,746,764,98,612,764,80,776,782,99,742,764,97,559,764,73,760,782,97,768,782,98,373,764,49,782,811,96,17,20,609,782,78,524,782,67,17,782,2,750,782,96,124,782,16,71,725,10,53,782,7,7
2023,UHW,University Hospital of Wales,Wales,499,313,454,69,283,454,62,311,454,69,117,311,38,147,454,32,44,147,30,228,234,97,22,102,22,77,103,75,33,39,85,328,440,75,196,464,42,452,499,91,464,499,93,486,454,107,405,454,89,466,499,93,360,454,79,261,454,58,493,499,99,483,499,97,188,454,41,499,532,94,31,33,468,499,94,372,499,75,28,499,6,448,499,90,0,499,0,83,421,20,32,499,6,7
2023,VIC,Victoria Hospital,England,503,285,489,58,31,489,6,71,489,15,23,71,32,371,489,76,125,371,34,278,281,99,19,105,18,84,189,44,6,6,100,236,434,54,21,491,4,432,503,86,432,503,86,469,489,96,378,489,77,500,503,99,450,489,92,363,489,74,443,503,88,449,503,89,200,489,41,503,372,135,23,26,494,503,98,442,503,88,10,503,2,365,503,73,*,505,*,*,470,*,19,503,4,3
2023,WAR,Warwick Hospital,England,413,311,408,76,343,408,84,177,408,43,77,177,44,240,408,59,42,240,18,219,245,89,21,119,18,93,134,69,*,*,*,243,406,60,92,397,23,402,413,97,386,413,94,408,408,100,407,408,100,408,413,99,401,408,98,295,408,72,412,413,100,411,413,100,275,408,67,413,409,101,15,21,390,413,94,332,413,80,*,415,*,412,413,100,240,413,58,224,384,58,26,413,6,7
2023,WAT,Watford General Hospital,England,456,371,450,82,444,450,99,313,450,70,32,313,10,135,450,30,11,135,8,185,197,94,6,101,6,57,153,37,*,*,*,237,448,53,28,443,6,450,456,99,446,456,98,447,450,99,415,450,92,453,456,99,445,450,99,341,450,76,441,456,97,440,456,97,351,450,78,456,521,88,16,22,437,456,96,327,456,72,9,456,2,439,456,96,*,460,*,315,424,74,34,456,7,9
2023,WDG,Warrington District General Hospital,England,424,110,406,27,391,406,96,325,406,80,201,325,62,84,406,21,46,84,55,181,183,99,22,77,29,102,151,68,17,19,90,290,406,71,0,408,0,420,424,99,278,424,66,397,406,98,253,406,62,416,424,98,394,406,97,324,406,80,380,424,90,387,424,91,65,406,16,424,369,115,19,27,381,424,90,296,424,70,16,424,4,397,424,94,219,424,52,232,389,60,25,424,6,6
2023,WDH,Dorset County Hospital,England,333,224,329,68,34,329,10,214,329,65,23,214,11,117,329,36,*,120,*,172,173,99,26,129,20,25,42,60,8,14,57,161,324,50,42,318,13,317,333,95,226,333,68,318,329,97,246,329,75,319,333,96,269,329,82,242,329,74,328,333,99,313,333,94,135,329,41,333,362,92,15,15,253,333,76,190,333,57,7,333,2,313,333,94,0,333,0,0,320,0,17,333,5,6
2023,WES,Chelsea & Westminster Hospital,England,239,119,230,52,147,230,64,146,230,64,*,150,*,84,230,37,*,85,*,105,105,100,26,67,39,46,59,78,17,18,94,173,224,77,0,232,0,221,239,93,212,239,89,224,230,97,140,230,61,235,239,98,215,230,94,148,230,64,232,239,97,230,239,96,95,230,41,239,246,97,20,20,222,239,93,183,239,77,7,239,3,224,239,94,137,239,57,132,221,60,12,239,5,5
2023,WEX,Wexham Park Hospital,England,426,336,402,84,402,402,100,128,402,32,35,128,27,317,402,79,68,317,22,241,243,99,30,130,23,74,128,58,13,15,87,243,401,61,23,411,6,423,426,99,424,426,100,396,402,99,337,402,84,416,426,98,399,402,99,312,402,78,425,426,100,425,426,100,324,402,81,426,439,97,15,15,395,426,93,316,426,74,15,426,4,394,426,93,225,426,53,166,386,43,34,426,8,5
2023,WGH,Weston General Hospital,England,309,217,305,71,293,305,96,94,305,31,82,94,87,211,305,69,177,211,84,140,140,100,13,42,31,83,103,81,19,19,100,250,304,82,37,295,13,306,309,99,90,309,29,291,305,95,290,305,95,268,309,87,261,305,86,183,305,60,107,309,35,107,309,35,59,305,19,309,297,104,17,18,270,309,87,199,309,64,13,309,4,306,309,99,298,309,96,*,280,*,23,309,7,5
2023,WHC,Whipps Cross Hospital,England,556,356,546,65,164,546,30,435,546,80,311,435,72,111,546,20,37,111,33,252,261,97,11,112,10,140,232,60,22,22,100,338,533,63,7,523,1,523,556,94,547,556,98,532,546,97,407,546,75,553,556,100,497,546,91,399,546,73,552,556,99,552,556,99,299,546,55,556,598,93,16,18,519,556,93,455,556,82,*,560,*,537,556,97,297,556,53,268,525,51,19,556,3,3
2023,WHH,William Harvey Hospital,England,513,388,504,77,321,504,64,91,504,18,55,91,60,414,504,82,229,414,55,222,232,96,28,128,22,132,156,85,49,53,93,363,504,72,28,507,6,505,513,98,507,513,99,478,504,95,439,504,87,512,513,100,498,504,99,417,504,83,513,513,100,511,513,100,370,504,73,513,524,98,17,17,431,513,84,351,513,68,6,513,1,491,513,96,0,513,0,239,487,49,26,513,5,6
2023,WHI,Whiston Hospital,England,465,235,460,51,428,460,93,280,460,61,114,280,41,191,460,42,43,191,23,267,268,100,23,110,21,94,125,75,31,35,89,330,454,73,36,450,8,457,465,98,423,465,91,459,460,100,455,460,99,464,465,100,458,460,100,346,460,75,457,465,98,454,465,98,215,460,47,465,382,122,13,24,417,465,90,354,465,76,11,465,2,38,465,8,*,470,*,0,437,0,19,465,4,4
2023,WHT,Whittington Hospital,England,145,118,142,83,47,142,33,59,142,42,51,59,86,83,142,59,46,83,55,50,52,96,10,19,53,36,52,69,12,12,100,111,136,82,*,140,*,129,145,89,140,145,97,141,142,99,114,142,80,140,145,97,140,142,99,108,142,76,144,145,99,144,145,99,99,142,70,145,198,73,16,17,123,145,85,101,145,70,*,150,*,138,145,95,69,145,48,66,135,49,6,145,4,5
2023,WIR,Arrowe Park Hospital,England,505,363,492,74,468,492,95,449,492,91,336,449,75,50,492,10,17,50,34,266,271,98,12,115,10,64,115,56,31,34,91,308,492,63,9,478,2,504,505,100,470,505,93,486,492,99,444,492,90,504,505,100,476,492,97,354,492,72,498,505,99,500,505,99,327,492,67,505,495,102,21,22,439,505,87,324,505,64,20,505,4,492,505,97,13,505,3,0,458,0,39,505,8,7
2023,WMH,Manor Hospital,England,445,216,433,50,285,433,66,338,433,78,152,338,45,91,433,21,24,91,26,209,226,93,10,56,18,72,149,48,31,33,94,280,423,66,69,433,16,418,445,94,403,445,91,421,433,97,381,433,88,357,445,80,418,433,97,366,433,85,428,445,96,408,445,92,148,433,34,445,402,111,18,18,444,445,100,398,445,89,10,445,2,394,445,89,66,445,15,*,410,*,36,445,8,5
2023,WMU,West Middlesex University Hospital,England,248,165,238,69,75,238,32,96,238,40,*,100,*,187,238,79,12,187,6,129,133,97,10,70,14,30,36,83,19,24,79,161,237,68,94,245,38,247,248,100,244,248,98,234,238,98,189,238,79,246,248,99,233,238,98,182,238,77,247,248,100,243,248,98,160,238,67,248,248,100,19,20,238,248,96,188,248,76,*,250,*,244,248,98,171,248,69,167,224,75,17,248,7,8
2023,WRC,Worcestershire Royal Hospital,England,794,390,772,51,196,772,25,542,772,70,486,542,90,248,772,32,179,248,72,413,421,98,44,172,26,164,268,61,28,30,93,511,752,68,18,706,3,703,794,89,184,794,23,752,772,97,477,772,62,736,794,93,663,772,86,541,772,70,548,794,69,419,794,53,61,772,8,794,747,106,12,14,559,794,70,505,794,64,20,794,3,777,794,98,0,794,0,0,753,0,50,794,6,5
2023,WRG,Worthing Hospital,England,491,258,481,54,269,481,56,461,481,96,20,461,4,70,481,15,0,70,0,285,285,100,19,111,17,103,147,70,28,37,76,317,462,69,112,476,24,446,491,91,488,491,99,480,481,100,357,481,74,490,491,100,460,481,96,353,481,73,487,491,99,475,491,97,228,481,47,491,503,98,22,23,411,491,84,296,491,60,11,491,2,487,491,99,175,491,36,165,451,37,32,491,7,8
2023,WRX,Maelor Hospital,Wales,258,176,249,71,121,249,49,178,249,72,*,180,*,77,249,31,*,80,*,123,125,98,13,60,22,65,82,79,10,10,100,175,242,72,30,248,12,238,258,92,210,258,81,247,249,99,237,249,95,257,258,100,229,249,92,160,249,64,254,258,98,233,258,90,122,249,49,258,326,79,16,32,241,258,93,186,258,72,10,258,4,247,258,96,191,258,74,83,225,37,13,258,5,5
2023,WSH,West Suffolk Hospital,England,448,409,439,93,428,439,98,398,439,91,185,398,47,42,439,10,14,42,33,245,245,100,25,114,22,90,134,67,27,31,87,297,439,68,14,432,3,447,448,100,448,448,100,438,439,100,335,439,76,448,448,100,439,439,100,333,439,76,448,448,100,448,448,100,408,439,93,448,458,98,13,19,417,448,93,357,448,80,7,448,2,447,448,100,212,448,47,196,429,46,23,448,5,5
2023,WWG,West Wales General,Wales,353,214,344,62,81,344,24,143,344,42,132,143,92,201,344,58,174,201,87,183,183,100,13,79,17,70,113,62,30,34,88,221,340,65,39,337,12,322,353,91,194,353,55,303,344,88,245,344,71,325,353,92,262,344,76,239,344,70,331,353,94,270,353,77,65,344,19,353,381,93,25,29,337,353,96,270,353,77,12,353,3,340,353,96,187,353,53,115,304,38,22,353,6,7
2023,WYB,Withybush General Hospital,Wales,284,138,211,65,67,211,32,65,211,31,55,65,85,138,211,65,105,138,76,87,93,94,11,38,29,40,54,74,*,10,*,144,192,75,19,257,7,212,284,75,68,284,24,176,211,83,149,211,71,193,284,68,161,211,76,124,211,59,61,284,22,111,284,39,18,211,9,284,289,98,17,32,258,284,91,203,284,72,14,284,5,185,284,65,24,284,9,11,230,5,23,284,8,6
2023,WYT,Wythenshawe Hospital,England,546,422,538,78,314,538,58,287,538,53,164,287,57,255,538,47,103,255,40,246,258,95,25,120,21,120,174,69,21,22,96,377,538,70,33,399,8,546,546,100,541,546,99,536,538,100,397,538,74,545,546,100,537,538,100,407,538,76,543,546,100,542,546,99,419,538,78,546,518,105,12,28,498,546,91,409,546,75,27,546,5,528,546,97,*,550,*,177,505,35,21,546,4,2
2023,YDH,York District Hospital,England,450,271,444,61,55,444,12,241,444,54,176,241,73,208,444,47,142,208,68,239,243,98,31,105,30,99,129,77,30,32,94,332,443,75,89,425,21,446,450,99,425,450,94,438,444,99,349,444,79,449,450,100,424,444,96,329,444,74,448,450,100,446,450,99,245,444,55,450,468,96,15,22,433,450,96,363,450,81,16,450,4,433,450,96,68,450,15,65,425,15,24,450,5,5
2023,YEO,Yeovil District Hospital,England,328,229,318,72,203,318,64,204,318,64,169,204,83,121,318,38,76,121,63,175,175,100,20,76,26,69,84,82,36,36,100,246,315,78,53,313,17,322,328,98,280,328,85,306,318,96,278,318,87,302,328,92,309,318,97,228,318,72,322,328,98,291,328,89,155,318,49,328,332,99,13,20,318,328,97,262,328,80,14,328,4,315,328,96,*,330,*,145,294,49,31,328,9,10
